Workbook

Sheet Master
A11: SL No | B11: DESCRIPTION | C11: Product name | D11: Quantity required | E11: Total length of wire in Mtrs | F11: Number of wires | G11: Total Wire in Mtrs | H11: Number of ferrule insertion | I11: Cable bundling in Mtrs | J11: Metal brading in Mtrs | K11: HST insertion | L11: Number of Boot | M11: Lacing | N11: Taping | O11: Conatact crimping | P11: Number of connectors | Q11: Number of backshell | R11: Number of Labels | S11: Manpower based on expereince (lower to higer) | V11: Total manpower | W11: Start date | Z11: Kit receiving time | AA11: Drawing receiving | AB11: CMPR receiving | AC11: Kit check | AD11: Time taken to cut wire(in sec) | AE11: Time taken for ferrule insertion | AF11: Time taken for cable bundling | AG11: Lacing time in secs | AH11: Taping time in secs | AI11: Braiding time in secs | AJ11: HST insertion time in sec | AK11: HST shrinking time in secs | AL11: Wire Stripping time in secs | AM11: Crimping time in secs | AN11: Contact intertion time in secs | AO11: Boot insertion and shrinking time in secs | AP11: Boot drying | AQ11: Connector assembly time in sec | AR11: Backshell assembly in secs | AS11: Label insertion & shrinking in secs | AT11: Inspection time in secs | AU11: Testing time in secs | AV11: Final inspection time in secs | AW11: Packing and documentation | AX11: batch efficiency / learning effect | AY11: Total time in secs | AZ11: Total time in hours | BA11: 10% buffer for component wait | BB11: Total time taken | BC11: End date | BD11: Base time
A12: 1 | B12: FCR HARNESS CD-01 | C12: CD-01 | D12: 1 | E12: 4.5 | F12: 5 | G12: =E12*F12 -> 22.5 | H12: =F12*2 -> 10 | I12: =E12 -> 4.5 | J12: =I12 -> 4.5 | K12: =J12 -> 4.5 | L12: 2 | M12: 1 | N12: =K12/4 -> 1.125 | O12: =H12 -> 10 | P12: 2 | Q12: =P12 -> 2 | R12: 3 | S12: 0 | T12: 1 | U12: 0 | V12: =(0.5*IF(S12="",0,S12))+(T12)+(1.5*IF(U12="",0,U12)) -> 1 | W12: 46365 | Z12: 300 | AA12: 300 | AB12: 300 | AC12: 300 | AD12: =G12*D12*30/V12 -> 675 | AE12: =1*45*H12/V12 -> 450 | AF12: =F12*D12*E12*60/V12 -> 1350 | AG12: =50*M12/V12 -> 50 | AH12: =75*N12/V12 -> 84.375 | AI12: =120*J12*D12/V12 -> 540 | AJ12: =120*K12/V12 -> 540 | AK12: =D12*120+30*K12/V12 -> 255 | AL12: =F12*70/V12 -> 350 | AM12: =1.5*AL12/V12 -> 525 | AN12: =O12*60/V12 -> 600 | AO12: =200*L12/V12 -> 400 | AP12: 43200 | AQ12: =P12*120+180/V12 -> 420 | AR12: =60+20*L12/V12 -> 100 | AS12: =60+40*R12/V12 -> 180 | AT12: =0.05*SUM(AD12:AS12) -> 2485.9688 | AU12: =SUM(E12:R12)*5 -> 383.125 | AV12: =SUM(AT12:AU12) -> 2869.0938 | AW12: 480 | AX12: =IF(D12<=1,AY12,MAX(AY12*0.7,AY12*(1-((D12-1)*0.05)))) -> 11068.469 | AY12: =SUM(Z12:AS12)+SUM(AV12:AW12)-AP12 -> 11068.469 | AZ12: =AX12/3600 -> 3.0745747 | BA12: =AZ12*0.1 -> 0.30745747 | BB12: =AZ12+BA12 -> 3.3820321 | BC12: =IF(W12="","",W12+CEILING(BB12/6,1)-1) -> 46365 | BD12: =IF(D12=0,0,BB12/D12) -> 3.3820321
A13: 2 | B13: FCR HARNESS CD-02 | C13: CD-02 | D13: 1 | E13: 4.5 | F13: 3 | G13: =E13*F13 -> 13.5 | H13: =F13*2 -> 6 | I13: =E13 -> 4.5 | J13: =I13 -> 4.5 | K13: =J13 -> 4.5 | L13: 2 | M13: 1 | N13: =K13/4 -> 1.125 | O13: =H13 -> 6 | P13: 2 | Q13: =P13 -> 2 | R13: 3 | S13: 0 | T13: 1 | U13: 0 | V13: =SUM(S13:U13) -> 1 | W13: 46367 | Z13: 300 | AA13: 300 | AB13: 300 | AC13: 300 | AD13: =G13*D13*30/V13 -> 405 | AE13: =1*45*H13/V13 -> 270 | AF13: =F13*D13*E13*70/V13 -> 945 | AG13: =50*M13/V13 -> 50 | AH13: =75*N13/V13 -> 84.375 | AI13: =120*J13*D13/V13 -> 540 | AJ13: =120*K13/V13 -> 540 | AK13: =D13*120+30*K13/V13 -> 255 | AL13: =F13*70/V13 -> 210 | AM13: =1.5*AL13/V13 -> 315 | AN13: =O13*60/V13 -> 360 | AO13: =200*L13/V13 -> 400 | AP13: 43200 | AQ13: =P13*120+180/V13 -> 420 | AR13: =60+20*L13/V13 -> 100 | AS13: =60+40*R13/V13 -> 180 | AT13: =0.05*SUM(AD13:AS13) -> 2413.7188 | AU13: =SUM(E13:R13)*5 -> 288.125 | AV13: =SUM(AT13:AU13) -> 2701.8438 | AW13: 480 | AX13: =IF(D13<=1,AY13,MAX(AY13*0.7,AY13*(1-((D13-1)*0.05)))) -> 9456.2188 | AY13: =SUM(Z13:AS13)+SUM(AV13:AW13)-AP13 -> 9456.2188 | AZ13: =AX13/3600 -> 2.6267274 | BA13: =AZ13*0.1 -> 0.26267274 | BB13: =AZ13+BA13 -> 2.8894002 | BC13: =IF(W13="","",W13+CEILING(BB13/6,1)-1) -> 46367 | BD13: =IF(D13=0,0,BB13/D13) -> 2.8894002
A14: 3 | B14: FCR HARNESS CD-03 | C14: CD-03 | D14: 1 | E14: 4.5 | F14: 3 | G14: =E14*F14 -> 13.5 | H14: =F14*2 -> 6 | I14: =E14 -> 4.5 | J14: =I14 -> 4.5 | K14: =J14 -> 4.5 | L14: 2 | M14: 1 | N14: =K14/4 -> 1.125 | O14: =H14 -> 6 | P14: 2 | Q14: =P14 -> 2 | R14: 3 | S14: 0 | T14: 1 | U14: 0 | V14: =SUM(S14:U14) -> 1 | W14: 46367 | Z14: 300 | AA14: 300 | AB14: 300 | AC14: 300 | AD14: =G14*D14*30/V14 -> 405 | AE14: =1*45*H14/V14 -> 270 | AF14: =F14*D14*E14*70/V14 -> 945 | AG14: =50*M14/V14 -> 50 | AH14: =75*N14/V14 -> 84.375 | AI14: =120*J14*D14/V14 -> 540 | AJ14: =120*K14/V14 -> 540 | AK14: =D14*120+30*K14/V14 -> 255 | AL14: =F14*70/V14 -> 210 | AM14: =1.5*AL14/V14 -> 315 | AN14: =O14*60/V14 -> 360 | AO14: =200*L14/V14 -> 400 | AP14: 43200 | AQ14: =P14*120+180/V14 -> 420 | AR14: =60+20*L14/V14 -> 100 | AS14: =60+40*R14/V14 -> 180 | AT14: =0.05*SUM(AD14:AS14) -> 2413.7188 | AU14: =SUM(E14:R14)*5 -> 288.125 | AV14: =SUM(AT14:AU14) -> 2701.8438 | AW14: 480 | AX14: =IF(D14<=1,AY14,MAX(AY14*0.7,AY14*(1-((D14-1)*0.05)))) -> 9456.2188 | AY14: =SUM(Z14:AS14)+SUM(AV14:AW14)-AP14 -> 9456.2188 | AZ14: =AX14/3600 -> 2.6267274 | BA14: =AZ14*0.1 -> 0.26267274 | BB14: =AZ14+BA14 -> 2.8894002 | BC14: =IF(W14="","",W14+CEILING(BB14/6,1)-1) -> 46367 | BD14: =IF(D14=0,0,BB14/D14) -> 2.8894002
A15: 4 | B15: FCR HARNESS CD-04 | C15: CD-04 | D15: 1 | E15: 4.5 | F15: 3 | G15: =E15*F15 -> 13.5 | H15: =F15*2 -> 6 | I15: =E15 -> 4.5 | J15: =I15 -> 4.5 | K15: =J15 -> 4.5 | L15: 2 | M15: 1 | N15: =K15/4 -> 1.125 | O15: =H15 -> 6 | P15: 2 | Q15: =P15 -> 2 | R15: 3 | S15: 0 | T15: 1 | U15: 0 | V15: =SUM(S15:U15) -> 1 | W15: 46368 | Z15: 300 | AA15: 300 | AB15: 300 | AC15: 300 | AD15: =G15*D15*30/V15 -> 405 | AE15: =1*45*H15/V15 -> 270 | AF15: =F15*D15*E15*70/V15 -> 945 | AG15: =50*M15/V15 -> 50 | AH15: =75*N15/V15 -> 84.375 | AI15: =120*J15*D15/V15 -> 540 | AJ15: =120*K15/V15 -> 540 | AK15: =D15*120+30*K15/V15 -> 255 | AL15: =F15*70/V15 -> 210 | AM15: =1.5*AL15/V15 -> 315 | AN15: =O15*60/V15 -> 360 | AO15: =200*L15/V15 -> 400 | AP15: 43200 | AQ15: =P15*120+180/V15 -> 420 | AR15: =60+20*L15/V15 -> 100 | AS15: =60+40*R15/V15 -> 180 | AT15: =0.05*SUM(AD15:AS15) -> 2413.7188 | AU15: =SUM(E15:R15)*5 -> 288.125 | AV15: =SUM(AT15:AU15) -> 2701.8438 | AW15: 480 | AX15: =IF(D15<=1,AY15,MAX(AY15*0.7,AY15*(1-((D15-1)*0.05)))) -> 9456.2188 | AY15: =SUM(Z15:AS15)+SUM(AV15:AW15)-AP15 -> 9456.2188 | AZ15: =AX15/3600 -> 2.6267274 | BA15: =AZ15*0.1 -> 0.26267274 | BB15: =AZ15+BA15 -> 2.8894002 | BC15: =IF(W15="","",W15+CEILING(BB15/6,1)-1) -> 46368 | BD15: =IF(D15=0,0,BB15/D15) -> 2.8894002
A16: 5 | B16: FCR HARNESS CD-05 | C16: CD-05 | D16: 1 | E16: 6 | F16: 8 | G16: =E16*F16 -> 48 | H16: =F16*2 -> 16 | I16: =E16 -> 6 | J16: =I16 -> 6 | K16: =J16 -> 6 | L16: 4 | M16: 1 | N16: =K16/4 -> 1.5 | O16: =H16 -> 16 | P16: 4 | Q16: =P16 -> 4 | R16: 6 | S16: 0 | T16: 1 | U16: 0 | V16: =SUM(S16:U16) -> 1 | W16: 46369 | Z16: 300 | AA16: 300 | AB16: 300 | AC16: 300 | AD16: =G16*D16*30/V16 -> 1440 | AE16: =1*45*H16/V16 -> 720 | AF16: =F16*D16*E16*70/V16 -> 3360 | AG16: =50*M16/V16 -> 50 | AH16: =75*N16/V16 -> 112.5 | AI16: =120*J16*D16/V16 -> 720 | AJ16: =120*K16/V16 -> 720 | AK16: =D16*120+30*K16/V16 -> 300 | AL16: =F16*70/V16 -> 560 | AM16: =1.5*AL16/V16 -> 840 | AN16: =O16*60/V16 -> 960 | AO16: =200*L16/V16 -> 800 | AP16: 43200 | AQ16: =P16*120+180/V16 -> 660 | AR16: =60+20*L16/V16 -> 140 | AS16: =60+40*R16/V16 -> 300 | AT16: =0.05*SUM(AD16:AS16) -> 2744.125 | AU16: =SUM(E16:R16)*5 -> 662.5 | AV16: =SUM(AT16:AU16) -> 3406.625 | AW16: 480 | AX16: =IF(D16<=1,AY16,MAX(AY16*0.7,AY16*(1-((D16-1)*0.05)))) -> 16769.125 | AY16: =SUM(Z16:AS16)+SUM(AV16:AW16)-AP16 -> 16769.125 | AZ16: =AX16/3600 -> 4.6580903 | BA16: =AZ16*0.1 -> 0.46580903 | BB16: =AZ16+BA16 -> 5.1238993 | BC16: =IF(W16="","",W16+CEILING(BB16/6,1)-1) -> 46369 | BD16: =IF(D16=0,0,BB16/D16) -> 5.1238993
A17: 6 | B17: FCR HARNESS CD-06 | C17: CD-06 | D17: 1 | E17: 2.5 | F17: 4 | G17: =E17*F17 -> 10 | H17: =F17*2 -> 8 | I17: =E17 -> 2.5 | J17: =I17 -> 2.5 | K17: =J17 -> 2.5 | L17: 1 | M17: 1 | N17: =K17/4 -> 0.625 | O17: =H17 -> 8 | P17: 1 | Q17: =P17 -> 1 | R17: 3 | S17: 0 | T17: 1 | U17: 0 | V17: =SUM(S17:U17) -> 1 | W17: 46370 | Z17: 300 | AA17: 300 | AB17: 300 | AC17: 300 | AD17: =G17*D17*30/V17 -> 300 | AE17: =1*45*H17/V17 -> 360 | AF17: =F17*D17*E17*70/V17 -> 700 | AG17: =50*M17/V17 -> 50 | AH17: =75*N17/V17 -> 46.875 | AI17: =120*J17*D17/V17 -> 300 | AJ17: =120*K17/V17 -> 300 | AK17: =D17*120+30*K17/V17 -> 195 | AL17: =F17*70/V17 -> 280 | AM17: =1.5*AL17/V17 -> 420 | AN17: =O17*60/V17 -> 480 | AO17: =200*L17/V17 -> 200 | AP17: 43200 | AQ17: =P17*120+180/V17 -> 300 | AR17: =60+20*L17/V17 -> 80 | AS17: =60+40*R17/V17 -> 180 | AT17: =0.05*SUM(AD17:AS17) -> 2369.5938 | AU17: =SUM(E17:R17)*5 -> 238.125 | AV17: =SUM(AT17:AU17) -> 2607.7188 | AW17: 480 | AX17: =IF(D17<=1,AY17,MAX(AY17*0.7,AY17*(1-((D17-1)*0.05)))) -> 8479.5938 | AY17: =SUM(Z17:AS17)+SUM(AV17:AW17)-AP17 -> 8479.5938 | AZ17: =AX17/3600 -> 2.3554427 | BA17: =AZ17*0.1 -> 0.23554427 | BB17: =AZ17+BA17 -> 2.590987 | BC17: =IF(W17="","",W17+CEILING(BB17/6,1)-1) -> 46370 | BD17: =IF(D17=0,0,BB17/D17) -> 2.590987
A18: 7 | B18: FCR HARNESS CD-07 | C18: CD-07 | D18: 1 | E18: 4.5 | F18: 20 | G18: =E18*F18 -> 90 | H18: =F18*2 -> 40 | I18: =E18 -> 4.5 | J18: =I18 -> 4.5 | K18: =J18 -> 4.5 | L18: 4 | M18: 1 | N18: =K18/4 -> 1.125 | O18: =H18 -> 40 | P18: 3 | Q18: =P18 -> 3 | R18: 4 | S18: 0 | T18: 1 | U18: 0 | V18: =SUM(S18:U18) -> 1 | W18: 46371 | Z18: 300 | AA18: 300 | AB18: 300 | AC18: 300 | AD18: =G18*D18*30/V18 -> 2700 | AE18: =1*45*H18/V18 -> 1800 | AF18: =F18*D18*E18*70/V18 -> 6300 | AG18: =50*M18/V18 -> 50 | AH18: =75*N18/V18 -> 84.375 | AI18: =120*J18*D18/V18 -> 540 | AJ18: =120*K18/V18 -> 540 | AK18: =D18*120+30*K18/V18 -> 255 | AL18: =F18*70/V18 -> 1400 | AM18: =1.5*AL18/V18 -> 2100 | AN18: =O18*60/V18 -> 2400 | AO18: =200*L18/V18 -> 800 | AP18: 43200 | AQ18: =P18*120+180/V18 -> 540 | AR18: =60+20*L18/V18 -> 140 | AS18: =60+40*R18/V18 -> 220 | AT18: =0.05*SUM(AD18:AS18) -> 3153.4688 | AU18: =SUM(E18:R18)*5 -> 1120.625 | AV18: =SUM(AT18:AU18) -> 4274.0938 | AW18: 480 | AX18: =IF(D18<=1,AY18,MAX(AY18*0.7,AY18*(1-((D18-1)*0.05)))) -> 25823.469 | AY18: =SUM(Z18:AS18)+SUM(AV18:AW18)-AP18 -> 25823.469 | AZ18: =AX18/3600 -> 7.1731858 | BA18: =AZ18*0.1 -> 0.71731858 | BB18: =AZ18+BA18 -> 7.8905043 | BC18: =IF(W18="","",W18+CEILING(BB18/6,1)-1) -> 46372 | BD18: =IF(D18=0,0,BB18/D18) -> 7.8905043
A19: 8 | B19: FCR HARNESS CD-08 | C19: CD-08 | D19: 1 | E19: 4.5 | F19: 19 | G19: =E19*F19 -> 85.5 | H19: =F19*2 -> 38 | I19: =E19 -> 4.5 | J19: =I19 -> 4.5 | K19: =J19 -> 4.5 | L19: 2 | M19: 1 | N19: =K19/4 -> 1.125 | O19: =H19 -> 38 | P19: 2 | Q19: =P19 -> 2 | R19: 3 | S19: 0 | T19: 1 | U19: 0 | V19: =SUM(S19:U19) -> 1 | W19: 46372 | Z19: 300 | AA19: 300 | AB19: 300 | AC19: 300 | AD19: =G19*D19*30/V19 -> 2565 | AE19: =1*45*H19/V19 -> 1710 | AF19: =F19*D19*E19*70/V19 -> 5985 | AG19: =50*M19/V19 -> 50 | AH19: =75*N19/V19 -> 84.375 | AI19: =120*J19*D19/V19 -> 540 | AJ19: =120*K19/V19 -> 540 | AK19: =D19*120+30*K19/V19 -> 255 | AL19: =F19*70/V19 -> 1330 | AM19: =1.5*AL19/V19 -> 1995 | AN19: =O19*60/V19 -> 2280 | AO19: =200*L19/V19 -> 400 | AP19: 43200 | AQ19: =P19*120+180/V19 -> 420 | AR19: =60+20*L19/V19 -> 100 | AS19: =60+40*R19/V19 -> 180 | AT19: =0.05*SUM(AD19:AS19) -> 3081.7188 | AU19: =SUM(E19:R19)*5 -> 1048.125 | AV19: =SUM(AT19:AU19) -> 4129.8438 | AW19: 480 | AX19: =IF(D19<=1,AY19,MAX(AY19*0.7,AY19*(1-((D19-1)*0.05)))) -> 24244.219 | AY19: =SUM(Z19:AS19)+SUM(AV19:AW19)-AP19 -> 24244.219 | AZ19: =AX19/3600 -> 6.7345052 | BA19: =AZ19*0.1 -> 0.67345052 | BB19: =AZ19+BA19 -> 7.4079557 | BC19: =IF(W19="","",W19+CEILING(BB19/6,1)-1) -> 46373 | BD19: =IF(D19=0,0,BB19/D19) -> 7.4079557
A20: 9 | B20: FCR HARNESS CD-09 | C20: CD-09 | D20: 1 | E20: 4 | F20: 19 | G20: =E20*F20 -> 76 | H20: =F20*2 -> 38 | I20: =E20 -> 4 | J20: =I20 -> 4 | K20: =J20 -> 4 | L20: 4 | M20: 1 | N20: =K20/4 -> 1 | O20: =H20 -> 38 | P20: 3 | Q20: =P20 -> 3 | R20: 4 | S20: 0 | T20: 1 | U20: 0 | V20: =SUM(S20:U20) -> 1 | W20: 46373 | Z20: 300 | AA20: 300 | AB20: 300 | AC20: 300 | AD20: =G20*D20*30/V20 -> 2280 | AE20: =1*45*H20/V20 -> 1710 | AF20: =F20*D20*E20*70/V20 -> 5320 | AG20: =50*M20/V20 -> 50 | AH20: =75*N20/V20 -> 75 | AI20: =120*J20*D20/V20 -> 480 | AJ20: =120*K20/V20 -> 480 | AK20: =D20*120+30*K20/V20 -> 240 | AL20: =F20*70/V20 -> 1330 | AM20: =1.5*AL20/V20 -> 1995 | AN20: =O20*60/V20 -> 2280 | AO20: =200*L20/V20 -> 800 | AP20: 43200 | AQ20: =P20*120+180/V20 -> 540 | AR20: =60+20*L20/V20 -> 140 | AS20: =60+40*R20/V20 -> 220 | AT20: =0.05*SUM(AD20:AS20) -> 3057 | AU20: =SUM(E20:R20)*5 -> 1015 | AV20: =SUM(AT20:AU20) -> 4072 | AW20: 480 | AX20: =IF(D20<=1,AY20,MAX(AY20*0.7,AY20*(1-((D20-1)*0.05)))) -> 23692 | AY20: =SUM(Z20:AS20)+SUM(AV20:AW20)-AP20 -> 23692 | AZ20: =AX20/3600 -> 6.5811111 | BA20: =AZ20*0.1 -> 0.65811111 | BB20: =AZ20+BA20 -> 7.2392222 | BC20: =IF(W20="","",W20+CEILING(BB20/6,1)-1) -> 46374 | BD20: =IF(D20=0,0,BB20/D20) -> 7.2392222
A21: 10 | B21: FCR HARNESS CD-10 | C21: CD-10 | D21: 1 | E21: 4.5 | F21: 6 | G21: =E21*F21 -> 27 | H21: =F21*2 -> 12 | I21: =E21 -> 4.5 | J21: =I21 -> 4.5 | K21: =J21 -> 4.5 | L21: 2 | M21: 1 | N21: =K21/4 -> 1.125 | O21: =H21 -> 12 | P21: 2 | Q21: =P21 -> 2 | R21: 3 | S21: 0 | T21: 1 | U21: 0 | V21: =SUM(S21:U21) -> 1 | W21: 46374 | Z21: 300 | AA21: 300 | AB21: 300 | AC21: 300 | AD21: =G21*D21*30/V21 -> 810 | AE21: =1*45*H21/V21 -> 540 | AF21: =F21*D21*E21*70/V21 -> 1890 | AG21: =50*M21/V21 -> 50 | AH21: =75*N21/V21 -> 84.375 | AI21: =120*J21*D21/V21 -> 540 | AJ21: =120*K21/V21 -> 540 | AK21: =D21*120+30*K21/V21 -> 255 | AL21: =F21*70/V21 -> 420 | AM21: =1.5*AL21/V21 -> 630 | AN21: =O21*60/V21 -> 720 | AO21: =200*L21/V21 -> 400 | AP21: 43200 | AQ21: =P21*120+180/V21 -> 420 | AR21: =60+20*L21/V21 -> 100 | AS21: =60+40*R21/V21 -> 180 | AT21: =0.05*SUM(AD21:AS21) -> 2538.9688 | AU21: =SUM(E21:R21)*5 -> 430.625 | AV21: =SUM(AT21:AU21) -> 2969.5938 | AW21: 480 | AX21: =IF(D21<=1,AY21,MAX(AY21*0.7,AY21*(1-((D21-1)*0.05)))) -> 12228.969 | AY21: =SUM(Z21:AS21)+SUM(AV21:AW21)-AP21 -> 12228.969 | AZ21: =AX21/3600 -> 3.3969358 | BA21: =AZ21*0.1 -> 0.33969358 | BB21: =AZ21+BA21 -> 3.7366293 | BC21: =IF(W21="","",W21+CEILING(BB21/6,1)-1) -> 46374 | BD21: =IF(D21=0,0,BB21/D21) -> 3.7366293
A22: 11 | B22: FCR HARNESS CD-11 | C22: CD-11 | D22: 1 | E22: 26 | F22: 32 | G22: =E22*F22 -> 832 | H22: =F22*2 -> 64 | I22: =E22 -> 26 | J22: =I22 -> 26 | K22: =J22 -> 26 | L22: 5 | M22: 1 | N22: =K22/4 -> 6.5 | O22: =H22 -> 64 | P22: 3 | Q22: =P22 -> 3 | R22: 19 | S22: 0 | T22: 1 | U22: 0 | V22: =SUM(S22:U22) -> 1 | W22: 46375 | Z22: 300 | AA22: 300 | AB22: 300 | AC22: 300 | AD22: =G22*D22*30/V22 -> 24960 | AE22: =1*45*H22/V22 -> 2880 | AF22: =F22*D22*E22*70/V22 -> 58240 | AG22: =50*M22/V22 -> 50 | AH22: =75*N22/V22 -> 487.5 | AI22: =120*J22*D22/V22 -> 3120 | AJ22: =120*K22/V22 -> 3120 | AK22: =D22*120+30*K22/V22 -> 900 | AL22: =F22*70/V22 -> 2240 | AM22: =1.5*AL22/V22 -> 3360 | AN22: =O22*60/V22 -> 3840 | AO22: =200*L22/V22 -> 1000 | AP22: 43200 | AQ22: =P22*120+180/V22 -> 540 | AR22: =60+20*L22/V22 -> 160 | AS22: =60+40*R22/V22 -> 820 | AT22: =0.05*SUM(AD22:AS22) -> 7445.875 | AU22: =SUM(E22:R22)*5 -> 5667.5 | AV22: =SUM(AT22:AU22) -> 13113.375 | AW22: 480 | AX22: =IF(D22<=1,AY22,MAX(AY22*0.7,AY22*(1-((D22-1)*0.05)))) -> 120510.88 | AY22: =SUM(Z22:AS22)+SUM(AV22:AW22)-AP22 -> 120510.88 | AZ22: =AX22/3600 -> 33.475243 | BA22: =AZ22*0.1 -> 3.3475243 | BB22: =AZ22+BA22 -> 36.822767 | BC22: =IF(W22="","",W22+CEILING(BB22/6,1)-1) -> 46381 | BD22: =IF(D22=0,0,BB22/D22) -> 36.822767
A23: 12 | B23: FCR HARNESS CD-12 | C23: CD-12 | D23: 1 | E23: 4.5 | F23: 31 | G23: =E23*F23 -> 139.5 | H23: =F23*2 -> 62 | I23: =E23 -> 4.5 | J23: =I23 -> 4.5 | K23: =J23 -> 4.5 | L23: 2 | M23: 1 | N23: =K23/4 -> 1.125 | O23: =H23 -> 62 | P23: 2 | Q23: =P23 -> 2 | R23: 3 | S23: 0 | T23: 1 | U23: 0 | V23: =SUM(S23:U23) -> 1 | W23: 46376 | Z23: 300 | AA23: 300 | AB23: 300 | AC23: 300 | AD23: =G23*D23*30/V23 -> 4185 | AE23: =1*45*H23/V23 -> 2790 | AF23: =F23*D23*E23*70/V23 -> 9765 | AG23: =50*M23/V23 -> 50 | AH23: =75*N23/V23 -> 84.375 | AI23: =120*J23*D23/V23 -> 540 | AJ23: =120*K23/V23 -> 540 | AK23: =D23*120+30*K23/V23 -> 255 | AL23: =F23*70/V23 -> 2170 | AM23: =1.5*AL23/V23 -> 3255 | AN23: =O23*60/V23 -> 3720 | AO23: =200*L23/V23 -> 400 | AP23: 43200 | AQ23: =P23*120+180/V23 -> 420 | AR23: =60+20*L23/V23 -> 100 | AS23: =60+40*R23/V23 -> 180 | AT23: =0.05*SUM(AD23:AS23) -> 3582.7188 | AU23: =SUM(E23:R23)*5 -> 1618.125 | AV23: =SUM(AT23:AU23) -> 5200.8438 | AW23: 480 | AX23: =IF(D23<=1,AY23,MAX(AY23*0.7,AY23*(1-((D23-1)*0.05)))) -> 35335.219 | AY23: =SUM(Z23:AS23)+SUM(AV23:AW23)-AP23 -> 35335.219 | AZ23: =AX23/3600 -> 9.8153385 | BA23: =AZ23*0.1 -> 0.98153385 | BB23: =AZ23+BA23 -> 10.796872 | BC23: =IF(W23="","",W23+CEILING(BB23/6,1)-1) -> 46377 | BD23: =IF(D23=0,0,BB23/D23) -> 10.796872
A24: 13 | B24: FCR HARNESS CD-13 | C24: CD-13 | D24: 1 | E24: 4.5 | F24: 35 | G24: =E24*F24 -> 157.5 | H24: =F24*2 -> 70 | I24: =E24 -> 4.5 | J24: =I24 -> 4.5 | K24: =J24 -> 4.5 | L24: 4 | M24: 1 | N24: =K24/4 -> 1.125 | O24: =H24 -> 70 | P24: 3 | Q24: =P24 -> 3 | R24: 4 | S24: 0 | T24: 1 | U24: 0 | V24: =SUM(S24:U24) -> 1 | W24: 46377 | Z24: 300 | AA24: 300 | AB24: 300 | AC24: 300 | AD24: =G24*D24*30/V24 -> 4725 | AE24: =1*45*H24/V24 -> 3150 | AF24: =F24*D24*E24*70/V24 -> 11025 | AG24: =50*M24/V24 -> 50 | AH24: =75*N24/V24 -> 84.375 | AI24: =120*J24*D24/V24 -> 540 | AJ24: =120*K24/V24 -> 540 | AK24: =D24*120+30*K24/V24 -> 255 | AL24: =F24*70/V24 -> 2450 | AM24: =1.5*AL24/V24 -> 3675 | AN24: =O24*60/V24 -> 4200 | AO24: =200*L24/V24 -> 800 | AP24: 43200 | AQ24: =P24*120+180/V24 -> 540 | AR24: =60+20*L24/V24 -> 140 | AS24: =60+40*R24/V24 -> 220 | AT24: =0.05*SUM(AD24:AS24) -> 3779.7188 | AU24: =SUM(E24:R24)*5 -> 1833.125 | AV24: =SUM(AT24:AU24) -> 5612.8438 | AW24: 480 | AX24: =IF(D24<=1,AY24,MAX(AY24*0.7,AY24*(1-((D24-1)*0.05)))) -> 39687.219 | AY24: =SUM(Z24:AS24)+SUM(AV24:AW24)-AP24 -> 39687.219 | AZ24: =AX24/3600 -> 11.024227 | BA24: =AZ24*0.1 -> 1.1024227 | BB24: =AZ24+BA24 -> 12.12665 | BC24: =IF(W24="","",W24+CEILING(BB24/6,1)-1) -> 46379 | BD24: =IF(D24=0,0,BB24/D24) -> 12.12665
... A120: 111 | B120: FCR HARNESS CR-34 | C120: CR-34 | D120: 1 | E120: 4 | F120: 18 | G120: =E120*F120 -> 72 | H120: =F120*2 -> 36 | I120: =E120 -> 4 | J120: =I120 -> 4 | K120: =J120 -> 4 | L120: 3 | M120: 0 | N120: =K120/4 -> 1 | O120: =H120 -> 36 | P120: 2 | Q120: =P120 -> 2 | R120: 4 | S120: 0 | T120: 1 | U120: 0 | V120: =SUM(S120:U120) -> 1 | W120: 46473 | Z120: 300 | AA120: 300 | AB120: 300 | AC120: 300 | AD120: =G120*D120*30/V120 -> 2160 | AE120: =1*45*H120/V120 -> 1620 | AF120: =F120*D120*E120*70/V120 -> 5040 | AG120: =50*M120/V120 -> 0 | AH120: =75*N120/V120 -> 75 | AI120: =120*J120*D120/V120 -> 480 | AJ120: =120*K120/V120 -> 480 | AK120: =D120*120+30*K120/V120 -> 240 | AL120: =F120*70/V120 -> 1260 | AM120: =1.5*AL120/V120 -> 1890 | AN120: =O120*60/V120 -> 2160 | AO120: =200*L120/V120 -> 600 | AP120: 43200 | AQ120: =P120*120+180/V120 -> 420 | AR120: =60+20*L120/V120 -> 120 | AS120: =60+40*R120/V120 -> 220 | AT120: =0.05*SUM(AD120:AS120) -> 2998.25 | AU120: =SUM(E120:R120)*5 -> 950 | AV120: =SUM(AT120:AU120) -> 3948.25 | AW120: 480 | AX120: =IF(D120<=1,AY120,MAX(AY120*0.7,AY120*(1-((D120-1)*0.05)))) -> 22393.25 | AY120: =SUM(Z120:AS120)+SUM(AV120:AW120)-AP120 -> 22393.25 | AZ120: =AX120/3600 -> 6.2203472 | BA120: =AZ120*0.1 -> 0.62203472 | BB120: =AZ120+BA120 -> 6.8423819 | BC120: =IF(W120="","",W120+CEILING(BB120/6,1)-1) -> 46474 | BD120: =IF(D120=0,0,BB120/D120) -> 6.8423819

Sheet LOOKUP
A1: Product Number | B1: Base time | C1: taken in hours | D1: Quantity | E1: Total time taken for required qnty | F1: Apply learning / batch reduction | G1: Start date | H1: End date
A2: CP-12 | B2: =IF(A2="","",IFERROR(VLOOKUP(A2,Master!C:BD,54,FALSE),"")) -> 3.288599 | C2: =IF(A2="","",IFERROR(VLOOKUP(A2,Master!C:BB,52,FALSE),"")) -> 3.288599 | D2: 2 | E2: =IF(OR(A2="",D2=""),"",B2*D2) -> 6.5771979 | F2: =IF(OR(A2="",D2=""),"",IF(D2<=1,B2*D2,B2*D2*0.85)) -> 5.5906182 | G2: 46156 | H2: =IF(G2="","",G2 + CEILING(IFERROR(VLOOKUP(A2,Master!C:BB,50,FALSE),0)/8,1) + IF(IFERROR(VLOOKUP(A2,Master!C:AP,40,FALSE),0)>0,1,0) ) -> 46158
A3: cp-15 | B3: =IF(A3="","",IFERROR(VLOOKUP(A3,Master!C:BD,54,FALSE),"")) -> 4.610375 | C3: =IF(A3="","",IFERROR(VLOOKUP(A3,Master!C:BB,52,FALSE),"")) -> 4.610375 | D3: 5 | E3: =IF(OR(A3="",D3=""),"",B3*D3) -> 23.051875 | F3: =IF(OR(A3="",D3=""),"",IF(D3<=1,B3*D3,B3*D3*0.85)) -> 19.594094
A4: cp-12 | B4: =IF(A4="","",IFERROR(VLOOKUP(A4,Master!C:BD,54,FALSE),"")) -> 3.288599 | C4: =IF(A4="","",IFERROR(VLOOKUP(A4,Master!C:BB,52,FALSE),"")) -> 3.288599 | D4: 6 | E4: =IF(OR(A4="",D4=""),"",B4*D4) -> 19.731594 | F4: =IF(OR(A4="",D4=""),"",IF(D4<=1,B4*D4,B4*D4*0.85)) -> 16.771855 | G4: 46068
B5: =IF(A5="","",IFERROR(VLOOKUP(A5,Master!C:BD,54,FALSE),"")) | C5: =IF(A5="","",IFERROR(VLOOKUP(A5,Master!C:BB,52,FALSE),"")) | E5: =IF(OR(A5="",D5=""),"",B5*D5) | F5: =IF(OR(A5="",D5=""),"",IF(D5<=1,B5*D5,B5*D5*0.85)) | L5: a
B6: =IF(A6="","",IFERROR(VLOOKUP(A6,Master!C:BD,54,FALSE),"")) | C6: =IF(A6="","",IFERROR(VLOOKUP(A6,Master!C:BB,52,FALSE),"")) | E6: =IF(OR(A6="",D6=""),"",B6*D6) | F6: =IF(OR(A6="",D6=""),"",IF(D6<=1,B6*D6,B6*D6*0.85))
B7: =IF(A7="","",IFERROR(VLOOKUP(A7,Master!C:BD,54,FALSE),"")) | C7: =IF(A7="","",IFERROR(VLOOKUP(A7,Master!C:BB,52,FALSE),"")) | E7: =IF(OR(A7="",D7=""),"",B7*D7) | F7: =IF(OR(A7="",D7=""),"",IF(D7<=1,B7*D7,B7*D7*0.85))
B8: =IF(A8="","",IFERROR(VLOOKUP(A8,Master!C:BD,54,FALSE),"")) | C8: =IF(A8="","",IFERROR(VLOOKUP(A8,Master!C:BB,52,FALSE),"")) | E8: =IF(OR(A8="",D8=""),"",B8*D8) | F8: =IF(OR(A8="",D8=""),"",IF(D8<=1,B8*D8,B8*D8*0.85))
B9: =IF(A9="","",IFERROR(VLOOKUP(A9,Master!C:BD,54,FALSE),"")) | C9: =IF(A9="","",IFERROR(VLOOKUP(A9,Master!C:BB,52,FALSE),"")) | E9: =IF(OR(A9="",D9=""),"",B9*D9) | F9: =IF(OR(A9="",D9=""),"",IF(D9<=1,B9*D9,B9*D9*0.85))
B10: =IF(A10="","",IFERROR(VLOOKUP(A10,Master!C:BD,54,FALSE),"")) | C10: =IF(A10="","",IFERROR(VLOOKUP(A10,Master!C:BB,52,FALSE),"")) | E10: =IF(OR(A10="",D10=""),"",B10*D10) | F10: =IF(OR(A10="",D10=""),"",IF(D10<=1,B10*D10,B10*D10*0.85))
B11: =IF(A11="","",IFERROR(VLOOKUP(A11,Master!C:BD,54,FALSE),"")) | C11: =IF(A11="","",IFERROR(VLOOKUP(A11,Master!C:BB,52,FALSE),"")) | E11: =IF(OR(A11="",D11=""),"",B11*D11) | F11: =IF(OR(A11="",D11=""),"",IF(D11<=1,B11*D11,B11*D11*0.85))
B12: =IF(A12="","",IFERROR(VLOOKUP(A12,Master!C:BD,54,FALSE),"")) | C12: =IF(A12="","",IFERROR(VLOOKUP(A12,Master!C:BB,52,FALSE),"")) | E12: =IF(OR(A12="",D12=""),"",B12*D12) | F12: =IF(OR(A12="",D12=""),"",IF(D12<=1,B12*D12,B12*D12*0.85))
B13: =IF(A13="","",IFERROR(VLOOKUP(A13,Master!C:BD,54,FALSE),"")) | C13: =IF(A13="","",IFERROR(VLOOKUP(A13,Master!C:BB,52,FALSE),"")) | E13: =IF(OR(A13="",D13=""),"",B13*D13) | F13: =IF(OR(A13="",D13=""),"",IF(D13<=1,B13*D13,B13*D13*0.85))
B14: =IF(A14="","",IFERROR(VLOOKUP(A14,Master!C:BD,54,FALSE),"")) | C14: =IF(A14="","",IFERROR(VLOOKUP(A14,Master!C:BB,52,FALSE),"")) | E14: =IF(OR(A14="",D14=""),"",B14*D14) | F14: =IF(OR(A14="",D14=""),"",IF(D14<=1,B14*D14,B14*D14*0.85))
B15: =IF(A15="","",IFERROR(VLOOKUP(A15,Master!C:BD,54,FALSE),"")) | C15: =IF(A15="","",IFERROR(VLOOKUP(A15,Master!C:BB,52,FALSE),"")) | E15: =IF(OR(A15="",D15=""),"",B15*D15) | F15: =IF(OR(A15="",D15=""),"",IF(D15<=1,B15*D15,B15*D15*0.85))
B16: =IF(A16="","",IFERROR(VLOOKUP(A16,Master!C:BD,54,FALSE),"")) | C16: =IF(A16="","",IFERROR(VLOOKUP(A16,Master!C:BB,52,FALSE),"")) | E16: =IF(OR(A16="",D16=""),"",B16*D16) | F16: =IF(OR(A16="",D16=""),"",IF(D16<=1,B16*D16,B16*D16*0.85))
B17: =IF(A17="","",IFERROR(VLOOKUP(A17,Master!C:BD,54,FALSE),"")) | C17: =IF(A17="","",IFERROR(VLOOKUP(A17,Master!C:BB,52,FALSE),"")) | E17: =IF(OR(A17="",D17=""),"",B17*D17) | F17: =IF(OR(A17="",D17=""),"",IF(D17<=1,B17*D17,B17*D17*0.85))
... B23: =IF(A23="","",IFERROR(VLOOKUP(A23,Master!C:BD,54,FALSE),"")) | C23: =IF(A23="","",IFERROR(VLOOKUP(A23,Master!C:BB,52,FALSE),"")) | E23: =IF(OR(A23="",D23=""),"",B23*D23) | F23: =IF(OR(A23="",D23=""),"",IF(D23<=1,B23*D23,B23*D23*0.85))
